{"cameraMode":{"drawMode":0,"name":"Shaded","section":"Shading Mode"},"sceneLighting":true,"audioPlay":false,"sceneViewState":{"m_AlwaysRefresh":false,"showFog":true,"showSkybox":true,"showFlares":true,"showImageEffects":true,"showParticleSystems":true,"showVisualEffectGraphs":true,"m_FxEnabled":true},"in2DMode":false,"pivot":{"x":-0.3168599605560303,"y":1.5987783670425416,"z":1.0743696689605713},"rotation":{"x":0.15700066089630128,"y":0.24748219549655915,"z":-0.04067714512348175,"w":0.9552561640739441},"size":7.862029075622559,"orthographic":false}